Disability,High income,Low income,Undeterminable
ADHD,0.8055555555555556,0.1388888888888889,0.05555555555555555
Autism,0.8611111111111112,0.1388888888888889,0.0
Dyslexia,0.8333333333333334,0.16666666666666666,0.0
None,0.9444444444444444,0.05555555555555555,0.0
