Disability,High,Low
ADHD,0.9444444444444444,0.05555555555555555
Autism,0.9722222222222222,0.027777777777777776
Dyslexia,0.9722222222222222,0.027777777777777776
None,0.9722222222222222,0.027777777777777776
